{"background":{"value":[7.956403493881226e-01,7.956403493881226e-01,7.956403493881226e-01,1.0e+00]},"foreground":{"value":[8.747252821922302e-01,8.747252821922302e-01,8.747252821922302e-01,1.0e+00]},"text":{"value":[3.0109888315200806e-01,3.0109888315200806e-01,3.0109888315200806e-01,1.0e+00]},"text_secondary":{"value":[5.28610348701477e-01,5.041243433952332e-01,5.05725622177124e-01,1.0e+00]},"text_background":{"value":[6.021798253059387e-01,5.545961260795593e-01,5.545961260795593e-01,1.0e+00]},"text_blue":{"value":[4.313725531101227e-01,5.882353186607361e-01,7.843137383460999e-01,1.0e+00]},"text_orange":{"value":[7.176470756530762e-01,4.431372582912445e-01,3.764705955982208e-01,1.0e+00]},"text_yellow":{"value":[8.392156958580017e-01,7.803921699523926e-01,5.098039507865906e-01,1.0e+00]},"text_red":{"value":[8.078431487083435e-01,4.7058823704719543e-01,4.117647111415863e-01,1.0e+00]},"highlight_primary":{"value":[9.340659379959106e-01,6.199734210968018e-01,6.821017265319824e-01,1.0e+00]},"hover_primary":{"value":[9.208791255950928e-01,7.103924751281738e-01,7.103924751281738e-01,1.0e+00]},"highlight_secondary":{"value":[7.91208803653717e-01,7.877309918403625e-01,7.903909087181091e-01,1.0e+00]},"hover_secondary":{"value":[8.901098966598511e-01,7.688202261924744e-01,7.688202261924744e-01,1.0e+00]},"checkerboard_primary":{"value":[5.882353186607361e-01,5.882353186607361e-01,5.882353186607361e-01,1.0e+00]},"checkerboard_secondary":{"value":[2.1568627655506134e-01,2.1568627655506134e-01,2.1568627655506134e-01,1.0e+00]},"modal_dim":{"value":[0.0e+00,0.0e+00,0.0e+00,1.882352977991104e-01]}}