{
    "name": "pixi_light.json",
    "background": {
        "value": [
            7.54256725e-01,
            7.55288183e-01,
            7.62637376e-01,
            1.0e+00
        ]
    },
    "foreground": {
        "value": [
            8.74725282e-01,
            8.74725282e-01,
            8.74725282e-01,
            1.0e+00
        ]
    },
    "text": {
        "value": [
            3.01098883e-01,
            3.01098883e-01,
            3.01098883e-01,
            1.0e+00
        ]
    },
    "text_secondary": {
        "value": [
            2.48351633e-01,
            2.45622500e-01,
            2.45622500e-01,
            1.0e+00
        ]
    },
    "text_background": {
        "value": [
            3.60439538e-01,
            3.60439538e-01,
            3.60439538e-01,
            1.0e+00
        ]
    },
    "text_blue": {
        "value": [
            4.31372553e-01,
            5.88235318e-01,
            7.84313738e-01,
            1.0e+00
        ]
    },
    "text_orange": {
        "value": [
            7.17647075e-01,
            4.43137258e-01,
            3.76470595e-01,
            1.0e+00
        ]
    },
    "text_yellow": {
        "value": [
            8.39215695e-01,
            7.80392169e-01,
            5.09803950e-01,
            1.0e+00
        ]
    },
    "text_red": {
        "value": [
            8.07843148e-01,
            4.70588237e-01,
            4.11764711e-01,
            1.0e+00
        ]
    },
    "highlight_primary": {
        "value": [
            9.34065937e-01,
            6.19973421e-01,
            6.82101726e-01,
            1.0e+00
        ]
    },
    "hover_primary": {
        "value": [
            9.20879125e-01,
            7.10392475e-01,
            7.10392475e-01,
            1.0e+00
        ]
    },
    "highlight_secondary": {
        "value": [
            7.91208803e-01,
            7.87730991e-01,
            7.90390908e-01,
            1.0e+00
        ]
    },
    "hover_secondary": {
        "value": [
            8.90109896e-01,
            7.68820226e-01,
            7.68820226e-01,
            1.0e+00
        ]
    },
    "checkerboard_primary": {
        "value": [
            5.88235318e-01,
            5.88235318e-01,
            5.88235318e-01,
            1.0e+00
        ]
    },
    "checkerboard_secondary": {
        "value": [
            2.15686276e-01,
            2.15686276e-01,
            2.15686276e-01,
            1.0e+00
        ]
    },
    "modal_dim": {
        "value": [
            0.0e+00,
            0.0e+00,
            0.0e+00,
            1.88235297e-01
        ]
    }
}