{
    "name": "pixi_light.json",
    "background": {
        "value": [
            6.83516502e-01,
            6.83516502e-01,
            6.83516502e-01,
            1.0e+00
        ]
    },
    "foreground": {
        "value": [
            9.16483521e-01,
            9.12455022e-01,
            9.12455022e-01,
            1.0e+00
        ]
    },
    "text": {
        "value": [
            3.01098883e-01,
            3.01098883e-01,
            3.01098883e-01,
            1.0e+00
        ]
    },
    "text_secondary": {
        "value": [
            3.42857122e-01,
            3.42857122e-01,
            3.42857122e-01,
            1.0e+00
        ]
    },
    "text_background": {
        "value": [
            3.47252726e-01,
            3.47252726e-01,
            3.47252726e-01,
            1.0e+00
        ]
    },
    "text_blue": {
        "value": [
            4.31372553e-01,
            5.88235318e-01,
            7.84313738e-01,
            1.0e+00
        ]
    },
    "text_orange": {
        "value": [
            7.17647075e-01,
            4.43137258e-01,
            3.76470595e-01,
            1.0e+00
        ]
    },
    "text_yellow": {
        "value": [
            8.39215695e-01,
            7.80392169e-01,
            5.09803950e-01,
            1.0e+00
        ]
    },
    "text_red": {
        "value": [
            8.07843148e-01,
            4.70588237e-01,
            4.11764711e-01,
            1.0e+00
        ]
    },
    "highlight_primary": {
        "value": [
            6.94505453e-01,
            4.48757350e-01,
            5.58938980e-01,
            1.0e+00
        ]
    },
    "hover_primary": {
        "value": [
            7.10392475e-01,
            8.61202657e-01,
            9.20879125e-01,
            1.0e+00
        ]
    },
    "highlight_secondary": {
        "value": [
            8.17582428e-01,
            7.00784921e-01,
            7.90115773e-01,
            1.0e+00
        ]
    },
    "hover_secondary": {
        "value": [
            9.31868135e-01,
            6.06226265e-01,
            7.60816693e-01,
            1.0e+00
        ]
    },
    "checkerboard_primary": {
        "value": [
            5.88235318e-01,
            5.88235318e-01,
            5.88235318e-01,
            1.0e+00
        ]
    },
    "checkerboard_secondary": {
        "value": [
            2.15686276e-01,
            2.15686276e-01,
            2.15686276e-01,
            1.0e+00
        ]
    },
    "modal_dim": {
        "value": [
            0.0e+00,
            0.0e+00,
            0.0e+00,
            1.88235297e-01
        ]
    }
}