{"name":"pixi_dark.json","background":{"value":[1.5294118225574493e-01,1.568627506494522e-01,1.8431372940540314e-01,1.0e+00]},"foreground":{"value":[1.6470588743686676e-01,1.725490242242813e-01,2.1176470816135406e-01,1.0e+00]},"text":{"value":[9.019607901573181e-01,6.86274528503418e-01,5.372549295425415e-01,1.0e+00]},"text_secondary":{"value":[6.217507719993591e-01,6.217508316040039e-01,6.89373254776001e-01,1.0e+00]},"text_background":{"value":[3.803131878376007e-01,3.803131878376007e-01,4.1416895389556885e-01,1.0e+00]},"text_blue":{"value":[4.313725531101227e-01,5.882353186607361e-01,7.843137383460999e-01,1.0e+00]},"text_orange":{"value":[7.176470756530762e-01,4.431372582912445e-01,3.764705955982208e-01,1.0e+00]},"text_yellow":{"value":[8.392156958580017e-01,7.803921699523926e-01,5.098039507865906e-01,1.0e+00]},"text_red":{"value":[8.078431487083435e-01,4.7058823704719543e-01,4.117647111415863e-01,1.0e+00]},"highlight_primary":{"value":[1.8431372940540314e-01,7.019608020782471e-01,5.29411792755127e-01,1.0e+00]},"hover_primary":{"value":[2.980392277240753e-01,5.803921818733215e-01,4.8235294222831726e-01,1.0e+00]},"highlight_secondary":{"value":[2.980392277240753e-01,1.882352977991104e-01,2.6274511218070984e-01,1.0e+00]},"hover_secondary":{"value":[4.117647111415863e-01,1.9607843458652496e-01,2.666666805744171e-01,1.0e+00]},"checkerboard_primary":{"value":[5.882353186607361e-01,5.882353186607361e-01,5.882353186607361e-01,1.0e+00]},"checkerboard_secondary":{"value":[2.1568627655506134e-01,2.1568627655506134e-01,2.1568627655506134e-01,1.0e+00]},"modal_dim":{"value":[0.0e+00,0.0e+00,0.0e+00,1.882352977991104e-01]}}