{
    "name": "pixi_light.json",
    "background": {
        "value": [
            6.83516502e-01,
            6.83516502e-01,
            6.83516502e-01,
            1.0e+00
        ]
    },
    "foreground": {
        "value": [
            9.16483521e-01,
            9.12455022e-01,
            9.12455022e-01,
            1.0e+00
        ]
    },
    "text": {
        "value": [
            3.01098883e-01,
            3.01098883e-01,
            3.01098883e-01,
            1.0e+00
        ]
    },
    "text_secondary": {
        "value": [
            2.48351633e-01,
            2.45622500e-01,
            2.45622500e-01,
            1.0e+00
        ]
    },
    "text_background": {
        "value": [
            3.47252726e-01,
            3.47252726e-01,
            3.47252726e-01,
            1.0e+00
        ]
    },
    "text_blue": {
        "value": [
            4.31372553e-01,
            5.88235318e-01,
            7.84313738e-01,
            1.0e+00
        ]
    },
    "text_orange": {
        "value": [
            7.17647075e-01,
            4.43137258e-01,
            3.76470595e-01,
            1.0e+00
        ]
    },
    "text_yellow": {
        "value": [
            8.39215695e-01,
            7.80392169e-01,
            5.09803950e-01,
            1.0e+00
        ]
    },
    "text_red": {
        "value": [
            8.07843148e-01,
            4.70588237e-01,
            4.11764711e-01,
            1.0e+00
        ]
    },
    "highlight_primary": {
        "value": [
            8.43956053e-01,
            6.00970864e-01,
            7.09913849e-01,
            1.0e+00
        ]
    },
    "hover_primary": {
        "value": [
            9.20879125e-01,
            7.10392475e-01,
            8.35296630e-01,
            1.0e+00
        ]
    },
    "highlight_secondary": {
        "value": [
            7.91208803e-01,
            7.87730991e-01,
            7.90390908e-01,
            1.0e+00
        ]
    },
    "hover_secondary": {
        "value": [
            8.10989022e-01,
            7.23651766e-01,
            7.65112996e-01,
            1.0e+00
        ]
    },
    "checkerboard_primary": {
        "value": [
            5.88235318e-01,
            5.88235318e-01,
            5.88235318e-01,
            1.0e+00
        ]
    },
    "checkerboard_secondary": {
        "value": [
            2.15686276e-01,
            2.15686276e-01,
            2.15686276e-01,
            1.0e+00
        ]
    },
    "modal_dim": {
        "value": [
            0.0e+00,
            0.0e+00,
            0.0e+00,
            1.88235297e-01
        ]
    }
}