{
    "name": "Pixi",
    "background": {
        "value": [
            1.17647059e-01,
            1.21568627e-01,
            1.52941182e-01,
            1.0e+00
        ]
    },
    "foreground": {
        "value": [
            1.64705887e-01,
            1.72549024e-01,
            2.11764708e-01,
            1.0e+00
        ]
    },
    "text": {
        "value": [
            9.01960790e-01,
            6.86274528e-01,
            5.37254929e-01,
            1.0e+00
        ]
    },
    "text_secondary": {
        "value": [
            5.41176497e-01,
            5.41176497e-01,
            5.76470613e-01,
            1.0e+00
        ]
    },
    "text_background": {
        "value": [
            3.00000011e-01,
            3.00000011e-01,
            3.49999994e-01,
            1.0e+00
        ]
    },
    "text_blue": {
        "value": [
            4.31372553e-01,
            5.88235318e-01,
            7.84313738e-01,
            1.0e+00
        ]
    },
    "text_orange": {
        "value": [
            7.17647075e-01,
            4.43137258e-01,
            3.76470595e-01,
            1.0e+00
        ]
    },
    "text_yellow": {
        "value": [
            8.39215695e-01,
            7.80392169e-01,
            5.09803950e-01,
            1.0e+00
        ]
    },
    "text_red": {
        "value": [
            8.07843148e-01,
            4.70588237e-01,
            4.11764711e-01,
            1.0e+00
        ]
    },
    "highlight_primary": {
        "value": [
            1.84313729e-01,
            7.01960802e-01,
            5.29411792e-01,
            1.0e+00
        ]
    },
    "hover_primary": {
        "value": [
            2.98039227e-01,
            5.80392181e-01,
            4.82352942e-01,
            1.0e+00
        ]
    },
    "highlight_secondary": {
        "value": [
            2.98039227e-01,
            1.88235297e-01,
            2.62745112e-01,
            1.0e+00
        ]
    },
    "hover_secondary": {
        "value": [
            4.11764711e-01,
            1.96078434e-01,
            2.66666680e-01,
            1.0e+00
        ]
    },
    "checkerboard_primary": {
        "value": [
            5.88235318e-01,
            5.88235318e-01,
            5.88235318e-01,
            1.0e+00
        ]
    },
    "checkerboard_secondary": {
        "value": [
            2.15686276e-01,
            2.15686276e-01,
            2.15686276e-01,
            1.0e+00
        ]
    },
    "modal_dim": {
        "value": [
            0.0e+00,
            0.0e+00,
            0.0e+00,
            1.88235297e-01
        ]
    }
}